id;action;entity_type;entity_id;detail;acted_at;acted_by_username
1;immediately;indeed within allegation;regarding;gloom;2026-08-11T11:55:27;rural than
2;the tidy tedious;quizzically;silently next instructive;coincide tremendously;2026-08-11T14:31:30;to blah
3;dicker why immediately;off diligent;numb elderly;why;2026-08-10T23:59:24;as
4;forearm after;anenst yahoo before;lest;puppet blah access;2026-08-10T15:32:45;insert stock
5;after;uh-huh to;gah;blank hierarchy;2026-08-11T10:59:44;pfft
6;meh battle;over newsletter;sanity conceptualize making;furiously classic;2026-08-11T04:07:00;event hm
7;minus;pillow;uselessly guest;extremely;2026-08-10T20:46:56;fooey
8;behind worth;once whenever;before phew unless;indeed usefully;2026-08-11T11:20:08;limp collaborate
9;amount white;upon;till community;notwithstanding;2026-08-11T13:54:03;maroon
10;unbearably beep;now reprimand yet;earnest wherever;a by;2026-08-11T14:00:17;uniform ouch aw
