id;ahamove_token;grab_token;xanhsm_token;distance_api_token;telegram_token;telegram_chat_id;webhook_url;webhook_secret;updated_at
1;nervously pfft;till;marketplace however because;hospitable;dimly armchair;nor wildly;beneath;modulo;2026-08-11T02:44:14
2;forswear;drat rapidly pulverize;cleave;whoever and;slowly;under;when;hope;2026-08-10T16:19:41
3;whoa innovate plait;handover;inasmuch;empty alongside;that;loosely whoever circa;cautious;against far along;2026-08-10T17:00:03
4;lest;atop irresponsible;concerning descendant;internalise next;ring serialize;although reassuringly solvency;ah for;pity;2026-08-10T17:07:03
5;oof;improbable;coagulate geez;once brr messy;yum;which among mismatch;eek;unabashedly furthermore;2026-08-11T06:42:11
6;relative yum;foretell;how provided beside;boulevard;indeed;limply;where;knuckle furthermore;2026-08-11T01:08:33
7;corrupt ack;phooey;thump;ouch slake;gosh second;knowledgeable;entrench aftermath;unabashedly incline ill;2026-08-11T10:33:30
8;uh-huh;loosely outrun;whup;where;exactly;ignorance;excepting outside;consequently finally;2026-08-11T03:40:17
9;cutover inasmuch;questioningly postbox that;shadowy where gracefully;indolent across;gift;the adventurously;cleverly;failing till;2026-08-11T11:30:46
10;moral anti;wherever till briskly;silently league;pish larva;blind;foretell grouper;downshift apud heavenly;blissfully tenant bah;2026-08-10T16:22:52
