id;photo_url;captured_at;captured_by_username;sequence_no;order_id
1;shabby yeast absent;2026-08-11T11:30:37;habit humor;1;1
2;drat geez;2026-08-11T07:00:37;sticker;2;2
3;atop triumphantly;2026-08-11T12:21:16;shyly from;3;3
4;scarcely;2026-08-11T10:38:23;mysteriously annual;2;4
5;after impossible boo;2026-08-11T07:25:45;legal consequently;2;5
6;cafe;2026-08-11T01:21:16;stall;2;6
7;blossom;2026-08-10T20:07:00;typeface hmph hopelessly;2;7
8;why supposing uh-huh;2026-08-11T04:29:03;casement pry;3;8
9;though aha legislature;2026-08-11T12:46:22;request defendant;3;9
10;fine eyeliner;2026-08-10T15:54:53;ew;1;10
