id;reason;requested_by_username;requested_at;status;decided_by_username;decided_at;decision_note
1;hence;pish idle;2026-08-11T08:21:39;REJECTED;brr;2026-08-11T01:18:44;off and blah
2;softly;needily;2026-08-10T22:29:21;APPROVED;phew;2026-08-11T12:27:29;quickly eyebrow
3;petal ouch;frequent wafer;2026-08-11T14:35:54;REJECTED;frantically whose affectionate;2026-08-11T07:06:03;daily
4;since ack;after gee now;2026-08-11T02:47:17;PENDING;fraudster even once;2026-08-11T10:25:30;gadzooks incidentally
5;apropos sustenance kindheartedly;sin before;2026-08-11T13:46:40;APPROVED;abaft;2026-08-11T02:46:40;dearly
6;upwardly amongst gosh;well-lit;2026-08-11T01:49:41;APPROVED;bide;2026-08-11T03:00:40;stall
7;nun during;braid trash masquerade;2026-08-11T01:36:23;REJECTED;hmph;2026-08-11T07:46:54;christen
8;swiftly;because meanwhile eek;2026-08-11T13:47:05;APPROVED;reporter;2026-08-11T11:10:26;grouper unabashedly
9;or;pasta athletic;2026-08-10T17:29:11;REJECTED;especially winding reckless;2026-08-11T01:39:36;pearl
10;below;uh-huh shush ew;2026-08-11T01:12:06;PENDING;jealously;2026-08-10T21:10:43;handover these though
