id;event_at;action;detail;actor_username;order_id
1;2026-08-11T11:37:53;unlike why;multicolored couch;pish gifted;1
2;2026-08-11T11:28:31;although;gosh thick;per;2
3;2026-08-10T16:26:29;roger glider;chainstay bank afore;coarse before;3
4;2026-08-11T07:11:04;rough best-seller;married cautiously char;fluffy;4
5;2026-08-10T15:54:53;weakly joyfully represent;economise community um;exaggerate;5
6;2026-08-11T02:32:46;low forsaken failing;intelligent zowie viciously;major;6
7;2026-08-11T03:57:15;joshingly;zowie;wicked;7
8;2026-08-10T16:20:31;save supposing;boohoo;why along;8
9;2026-08-10T17:31:50;insidious birdcage;scarily old-fashioned;extent customise;9
10;2026-08-11T03:38:39;markup up;likable gah although;oh;10
