id;order_code;draft_code;status;forward_stage;return_stage;payment_term;goods_type;service_type;sender_name;sender_phone;receiver_name;receiver_phone;delivery_address;pickup_address;home_pickup;home_delivery;qr_drop_off;pickup_staff_username;picking_at;picked_up_at;receiver_actual_name;receiver_actual_phone;weight_kg;quantity;dimensions_text;fare_amount;pickup_fee_amount;delivery_fee_amount;partner_fee_amount;paid_amount;shelf_number;note;cancel_reason;label_printed_at;label_reprint_count;fail_count;partner_code;payment_percent;public_tracking_allowed;from_office_id;to_office_id
1;boohoo unnaturally;neck often gurn;DELIVERED;TRANSFER_PENDING;RETURN_PENDING;P30_70;CONG_KENH;HOME_TO_HOME;supposing uh-huh;"+84948130649";save;"+84845861829";near who woot;oh;false;false;true;woefully;2026-08-11T04:58:59;2026-08-11T05:51:51;phew numb pish;including hypothesis;26193.84;27260;lest handsome unnecessarily;25646.19;31452.3;26748.41;16955.91;31667.15;1;../fake-data/blob/hipster.txt;bicycle ashamed;2026-08-11T12:05:50;23554;29182;avow;97.33;false;1;1
2;speedily;how pfft;IN_TRANSIT;FAILED;RT_TRANSFER_PENDING;P70_30;CONG_KENH;COUNTER_TO_HOME;avalanche glider;"0338427384";what ah yahoo;"0717318499";eek yowza fathom;opposite;true;false;false;who;2026-08-11T05:12:00;2026-08-11T02:56:27;whether inasmuch;hence;20887.22;1556;till easy;4001.63;15828.13;299.78;23235.23;15244.21;1;../fake-data/blob/hipster.txt;daddy pfft because;2026-08-11T10:00:26;31936;14925;hmph criminal whoa;13.58;true;2;2
3;supportive uniform uh-huh;alligator publicity;AT_DEST;TRANSFER_PENDING;RT_WH_IN;P50_50;DIEN_TU;COUNTER_TO_HOME;disk infinite mindless;"+84731247236";brr;"0764095127";ethical;wedding tabulate makeover;true;false;true;middle sudden yahoo;2026-08-11T02:58:26;2026-08-11T11:30:19;with;scornful;32189.62;15597;collaboration even considerate;3848.54;17080.33;21912.47;19614.81;10307.25;7;../fake-data/blob/hipster.txt;huzzah;2026-08-11T12:57:01;4067;12498;toothbrush writhing excepting;59.2;false;3;3
4;ah gloomy;scaly repeatedly;WAITING;WH_IN;RETURN_PENDING;P50_50;DE_VO;COUNTER_TO_COUNTER;yet unexpectedly outstanding;"+84942592930";anenst store bloom;"0803821860";toe inside along;near gray knight;true;false;false;slather eek carefully;2026-08-11T15:08:03;2026-08-11T03:25:55;lender lest;misread;25472.15;10873;reclassify season actually;29161.67;31384.16;32694.93;22631.99;20008.23;0;../fake-data/blob/hipster.txt;toward suckle geez;2026-08-10T23:54:53;12963;363;indeed gah;28.8;false;4;4
5;printer;gad aboard so;CONFIRMED;PICKED;RT_TRANSFER_PENDING;P50_50;DIEN_TU;COUNTER_TO_HOME;boldly till;"+84780446398";yippee;"+84704477119";upon;flawless fax;false;true;false;testify excited exhaust;2026-08-10T20:29:54;2026-08-11T05:16:24;expert;uh-huh gruesome;9487.07;20881;yippee emerge import;32704.96;32512.6;10128.51;8242.08;24140.22;1;../fake-data/blob/hipster.txt;oil heavily;2026-08-11T12:14:03;4806;16602;apud lone or;80.28;false;5;5
6;profane key;ugh;OUT_FOR_DELIVERY;DELIVERING;RT_TRANSFER_PENDING;P70_30;THUC_PHAM_KHO;HOME_TO_HOME;agreement out dependable;"0894805633";lovely however;"+84905531109";wide-eyed;rowdy;false;true;true;coaxingly;2026-08-11T10:17:22;2026-08-11T10:18:16;smug ha why;exactly;13606.32;18510;anenst gah;31180.73;21089.92;28824.29;29030.41;21664.03;8;../fake-data/blob/hipster.txt;pillory after besides;2026-08-11T13:56:11;18798;15319;make;49.47;true;6;6
7;fisherman poor;pro quash;OUT_FOR_DELIVERY;DEST_WH_IN;RT_DELIVERING;GUI_TRA;GIAY_TO;HUB_TRANSIT;indeed vamoose though;"+84821911853";reword devoted extroverted;"+84974270440";great energetically gently;lasting snarling mummify;true;false;true;excluding ravel next;2026-08-11T02:03:50;2026-08-11T02:06:39;whereas forenenst;linseed;25151.89;15;past sniveling entire;14761.21;19869.69;21298.2;5177.6;27863.28;6;../fake-data/blob/hipster.txt;wide-eyed;2026-08-11T02:53:07;10112;4152;rarely;23.22;true;7;7
8;unbearably clearly meh;uh-huh enthusiastically the;CONFIRMED;FAILED;RT_TRANSFERRING;P50_50;DE_VO;HOME_TO_COUNTER;yahoo verbally;"0816117643";boohoo;"0739157965";since;though red;true;true;false;yowza um;2026-08-11T00:21:45;2026-08-10T18:51:44;vice even surprised;toward uh-huh around;17332.84;26016;jive republican;25997.99;4221.99;25888.1;9660.62;6426.47;4;../fake-data/blob/hipster.txt;metal often outfox;2026-08-11T13:21:14;11828;25585;times whoa;69.32;true;8;8
9;until;so babushka punctually;FAILED_DELIVERY;DELIVERING;RT_DELIVERING;GUI_TRA;CONG_KENH;COUNTER_TO_COUNTER;crystallize preside drug;"0870638917";inject;"+84873609855";within functional despite;bashfully yieldingly;true;false;false;proceed whenever;2026-08-10T23:03:05;2026-08-10T17:31:29;until knottily athwart;gasp;8793.27;25768;yieldingly;419.07;19494.44;13990.01;30278.02;1405.88;5;../fake-data/blob/hipster.txt;ouch behind;2026-08-10T21:08:56;109;31709;blah;0.55;true;9;9
10;hopelessly trench;during;AT_DEST;WH_IN;RT_TRANSFER_PENDING;NHAN_TRA;CONG_KENH;HUB_TRANSIT;near astride huzzah;"0816418302";shakily gee;"0911029787";however innocently evenly;dead;false;true;true;ick steel;2026-08-11T12:59:17;2026-08-10T15:50:15;row;often inquisitively ;30487.14;27771;once;32723.88;29447.03;1359.06;7258.42;21992.53;5;../fake-data/blob/hipster.txt;chip powerfully;2026-08-10T18:35:59;8378;10460;likewise reclassify;77.26;true;10;10
